INSERT INTO readers (id, surname, name, address, birthday) VALUES
(1, 'Иванов', 'Иван', 'Москва, ул. Ленина, д. 10', '1990-01-01'),
(2, 'Петров', 'Петр', 'Москва, ул. Пушкина, д. 5', '1985-05-15'),
(3, 'Сидоров', 'Сидор', 'Санкт-Петербург, ул. Невского, д. 20', '1992-08-22'),
(4, 'Кузнецова', 'Мария', 'Москва, ул. Горького, д. 15', '1988-12-03'),
(5, 'Смирнов', 'Сергей', 'Москва, ул. Тверская, д. 25', '1978-07-18'),
(6, 'Петров', 'Василий', 'Санкт-Петербург, ул. Невского, д. 2', '1994-02-15');

INSERT INTO publishing_houses (name, address) VALUES
('АСТ', 'Москва, ул. Ленина, д. 1'),
('Эксмо', 'Москва, ул. Пушкина, д. 5');

INSERT INTO books (isbn, name, author, number_of_pages, year, publishing_house) VALUES
(1000000000, 'Война и мир', 'Л.Н. Толстой', 1200, 1869, 'АСТ'),
(1000000001, 'Преступление и наказание', 'Ф.М. Достоевский', 600, 1866, 'АСТ'),
(1000000002, 'Анна Каренина', 'Л.Н. Толстой', 800, 1877, 'АСТ'),
(1000000003, 'Евгений Онегин', 'А.С. Пушкин', 400, 1833, 'АСТ'),
(1000000004, 'Мертвые души', 'Н.В. Гоголь', 500, 1842, 'АСТ'),
(1000000005, 'Детство', 'Л.Н. Толстой', 112, 1852, 'Эксмо'),
(1000000006, 'Отрочество', 'Л.Н. Толстой', 80, 1854, 'АСТ'),
(1000000007, 'Юность', 'Л.Н. Толстой', 224, 1857, 'АСТ'),
(1000000008, 'Воскресение', 'Л.Н. Толстой', 640, 1899, 'Эксмо'),
(1000000009, 'Евгений Онегин', 'А.С. Пушкин', 224, 1833, 'АСТ'),
(1000000010, 'Станционный смотритель', 'А.С. Пушкин', 24, 1831, 'АСТ'),
(1000000011, 'Дубровский', 'А.С. Пушкин', 64, 1841, 'Эксмо'),
(1000000012, 'Капитанская дочка', 'А.С. Пушкин', 160, 1836, 'Эксмо'),
(1000000013, 'Барышня-крестьянка', 'А.С. Пушкин', 64, 1830, 'Эксмо'),
(1000000014, 'Приключения Гекльберри Финна', 'Марк Твен', 122, 1884, 'АСТ'),
(1000000015, 'Приключения Тома Сойера', 'Марк Твен', 191, 1876, 'Эксмо'),
(1000000016, 'PostgreSQL 16 изнутри', 'Е. Рогов', 664, 2024, 'Эксмо'),
(1000000017, 'Технологии проектирования баз данных', 'Д. Л. Осипов', 498, 2019, 'Эксмо'),
(1000000018, 'Руслан и Людмила', 'А.С. Пушкин', 160, 1820, 'АСТ');

INSERT INTO categories (name, parent_category) VALUES
('Классика', NULL),
('Русская литература', 'Классика'),
('Литература 19 века', 'Русская литература'),
('Проза', 'Русская литература'),
('Роман', 'Проза'),
('Поэзия', 'Русская литература'),
('Горы', 'Путешествия'),
('Путешествия', NULL),
('Спорт', NULL),
('Футбол', 'Спорт'),
('Борьба', 'Спорт'),
('Баскетбол', 'Спорт'),
('Дзюдо', 'Борьба'),
('Бокс', 'Борьба'),
('Базы данных', NULL);

INSERT INTO copies (book_isbn, id, position) VALUES
(1000000000, 1, 1),
(1000000001, 2, 2),
(1000000002, 3, 3),
(1000000018, 4, 4),
(1000000004, 5, 5),
(1000000000, 6, 6),
(1000000001, 7, 7),
(1000000016, 8, 8),
(1000000016, 9, 9),
(1000000017, 10, 10),
(1000000017, 11, 11),
(1000000014, 12, 12),
(1000000015, 13, 13);

INSERT INTO book_takings (reader_id, isbn, copy_id, return_date) VALUES
(1, 1000000000, 1, '2023-03-10'),
(2, 1000000000, 1, '2023-03-15'),
(3, 1000000000, 1, '2023-03-20'),
(4, 1000000000, 1, '2023-03-25'),
(2, 1000000001, 2, NULL),
(1, 1000000002, 3, '2023-03-30'),
(5, 1000000014, NULL, '2023-12-15'),
(5, 1000000015, NULL, '2023-12-25'),
(4, 1000000014, NULL, '2024-05-06'),
(4, 1000000015, NULL, '2024-06-20'),
(3, 1000000016, 9, '2024-08-20'),
(1, 1000000016, 8, '2024-10-16'),
(2, 1000000017, 11, '2024-11-01'),
(3, 1000000014, 12, '2024-11-10'),
(3, 1000000015, 13, '2024-11-09');

INSERT INTO books_to_categories (book_isbn, category_name) VALUES
(1000000000, 'Роман'),
(1000000001, 'Роман'),
(1000000002, 'Роман'),
(1000000003, 'Поэзия'),
(1000000003, 'Горы'),
(1000000004, 'Проза'),
(1000000004, 'Путешествия'),
(1000000004, 'Горы'),
(1000000016, 'Базы данных'),
(1000000017, 'Базы данных');
