INSERT INTO readers (id, surname, name, address, birthday) VALUES
(1, 'Иванов', 'Иван', 'Москва, ул. Ленина, д. 10', '1990-01-01'),
(2, 'Петров', 'Петр', 'Москва, ул. Пушкина, д. 5', '1985-05-15'),
(3, 'Сидоров', 'Сидор', 'Санкт-Петербург, ул. Невского, д. 20', '1992-08-22'),
(4, 'Кузнецова', 'Мария', 'Москва, ул. Горького, д. 15', '1988-12-03'),
(5, 'Смирнов', 'Сергей', 'Москва, ул. Тверская, д. 25', '1978-07-18');

INSERT INTO publishing_houses (name, address) VALUES
('АСТ', 'Москва, ул. Ленина, д. 1'),
('Эксмо', 'Москва, ул. Пушкина, д. 5');

INSERT INTO books (isbn, name, author, number_of_pages, year, publishing_house) VALUES
(1000000000, 'Война и мир', 'Л.Н. Толстой', 1200, 1869, 'АСТ'),
(1000000001, 'Преступление и наказание', 'Ф.М. Достоевский', 600, 1866, 'АСТ'),
(1000000002, 'Анна Каренина', 'Л.Н. Толстой', 800, 1877, 'АСТ'),
(1000000003, 'Евгений Онегин', 'А.С. Пушкин', 400, 1833, 'АСТ'),
(1000000004, 'Мертвые души', 'Н.В. Гоголь', 500, 1842, 'АСТ');

INSERT INTO categories (name, parent_category) VALUES
('Классика', NULL),
('Русская литература', 'Классика'),
('Литература 19 века', 'Русская литература'),
('Проза', 'Русская литература'),
('Роман', 'Проза'),
('Поэзия', 'Русская литература'),
('Горы', 'Путешествия'),
('Путешествия', NULL);

INSERT INTO copies (book_isbn, id, position) VALUES
(1000000000, 1, 1),
(1000000001, 2, 2),
(1000000002, 3, 3),
(1000000003, 4, 4),
(1000000004, 5, 5),
(1000000000, 6, 6),
(1000000001, 7, 7);

INSERT INTO book_takings (reader_id, copy_id, return_date) VALUES
(1, 1, '2023-03-10'),
(2, 1, '2023-03-15'),
(3, 1, '2023-03-20'),
(4, 1, '2023-03-25'),
(2, 2, NULL),
(1, 3, '2023-03-30');

INSERT INTO books_to_categories (book_isbn, category_name) VALUES
(1000000000, 'Роман'),
(1000000001, 'Роман'),
(1000000002, 'Роман'),
(1000000003, 'Поэзия'),
(1000000003, 'Горы'),
(1000000004, 'Проза'),
(1000000004, 'Путешествия'),
(1000000004, 'Горы');
